,Economic Impact,Life Assessment,Maintenance Stratgy,Total_Indicator,lat,long
RPUDB12T//74-22-4,0.449,0.479,0.625,0.518,40.046,-3.491
RPUWQIFO//74-22-5-CT,0.034,0.217,0.0,0.084,40.046,-3.491
RPWULH1G//74-22-3,0.209,0.428,0.708,0.448,40.046,-3.489
RQ0W7MUL//74-22-2,0.269,0.506,0.458,0.411,40.047,-3.488
RQ2HC35J//74-27,0.504,0.613,0.0,0.372,40.042,-3.488
RQ2NBO45//79,0.288,0.669,0.0,0.319,40.069,-3.488
RQ2O32O0//74-26,0.504,0.639,0.0,0.381,40.043,-3.487
RQ2O34P5//74-2-1-CT,0.034,0.191,0.0,0.075,40.064,-3.488
RQ2O35AP//81,0.288,0.669,0.0,0.319,40.07,-3.488
RQ2RSBDX//74-10-1-CT,0.034,0.191,0.0,0.075,40.058,-3.488
RQ2TB80M//74-3,0.204,0.511,0.0,0.238,40.063,-3.488
RQ2U2NH2//78,0.288,0.669,0.0,0.319,40.068,-3.488
RQ2VJJ4Q//74-4,0.354,0.665,0.625,0.548,40.063,-3.487
RQ2WAWCD//74-25,0.504,0.639,0.0,0.381,40.044,-3.487
RQ2WB0PA//79-1-CT,0.148,0.376,0.458,0.327,40.069,-3.488
RQ3227SQ//77,0.288,0.669,0.0,0.319,40.067,-3.487
RQ351XNN//74-3-1-CT,0.034,0.191,0.0,0.075,40.063,-3.487
RQ351XTF//74,0.288,0.67,0.0,0.319,40.065,-3.487
RQ35REIC//74-6,0.354,0.665,0.458,0.492,40.061,-3.487
RQ36IS0S//74-24,0.504,0.639,0.0,0.381,40.045,-3.487
RQ36IS7R//74-22-1,0.269,0.48,0.458,0.402,40.047,-3.487
RQ36ITU7//74-2,0.204,0.511,0.0,0.238,40.064,-3.487
RQ37A8RE//74-28,0.654,0.742,0.625,0.674,40.042,-3.487
RQ38R6MC//74-7,0.204,0.537,0.0,0.247,40.06,-3.487
RQ38R73O//74-1,0.204,0.511,0.0,0.238,40.065,-3.487
RQ38R785//76,0.288,0.67,0.0,0.319,40.066,-3.487
RQ3D9RJP//74-23,0.504,0.639,0.0,0.381,40.046,-3.487
RQ3E19WA//74-8,0.204,0.537,0.0,0.247,40.06,-3.487
RQ3E1AI0//75,0.318,0.696,0.292,0.435,40.066,-3.487
RQ3HQH2A//74-10,0.354,0.64,0.625,0.539,40.058,-3.487
RQ3IHW6E//74-9,0.204,0.537,0.0,0.247,40.059,-3.487
RQ3K0TFG//82,0.588,0.953,0.75,0.764,40.071,-3.487
RQ3M949X//74-22,0.204,0.537,0.0,0.247,40.047,-3.487
RQ3OHGEU//74-11,0.204,0.537,0.0,0.247,40.057,-3.487
RQ3TPIUD//74-21,0.354,0.665,0.292,0.437,40.048,-3.487
RQ3TPJNW//74-12,0.204,0.537,0.0,0.247,40.056,-3.487
RQ4087VA//74-13,0.204,0.537,0.458,0.4,40.055,-3.487
RQ44OTL4//74-20,0.354,0.665,0.0,0.34,40.049,-3.487
RQ44OU50//74-14,0.204,0.537,0.0,0.247,40.054,-3.487
RQ4AOEG4//74-15,0.204,0.537,0.0,0.247,40.053,-3.487
RQ4C7A7X//74-19,0.204,0.511,0.0,0.238,40.05,-3.487
RQ4CWPID//74-16,0.204,0.537,0.0,0.247,40.052,-3.487
RQ4CWRDB//83,0.318,0.695,0.292,0.435,40.072,-3.487
RQ4HFDQA//74-17,0.204,0.537,0.0,0.247,40.052,-3.487
RQ4KF5UF//74-18,0.204,0.537,0.0,0.247,40.051,-3.486
RQ4O6CAL//74-29,0.504,0.613,0.0,0.372,40.042,-3.486
RQ4RVMH0//84,0.287,0.669,0.0,0.319,40.072,-3.487
RQ52UWT5//80-1-CT,0.118,0.35,0.0,0.156,40.07,-3.486
RQ5BU910//73,0.288,0.696,0.0,0.328,40.065,-3.486
RQ5HTS99//85,0.287,0.669,0.0,0.319,40.074,-3.486
RQ61SCFJ//74-30,0.564,0.665,0.75,0.659,40.042,-3.486
RQ6M1DXH//86,0.287,0.669,0.0,0.319,40.074,-3.486
RQ6R9HBI//86-1-CT,0.118,0.35,0.0,0.156,40.074,-3.485
RQ7JG075//87,0.287,0.669,0.0,0.319,40.075,-3.485
RQ7SF9TF//72,0.289,0.697,0.0,0.329,40.065,-3.485
RQ82N36S//74-31,0.534,0.665,0.625,0.608,40.041,-3.485
RQ82N3G8//74-33-5,0.449,0.376,0.625,0.483,40.044,-3.485
RQ8AUX4A//74-33-6-CT,0.364,0.217,0.625,0.402,40.045,-3.484
RQ8EM99R//88,0.347,0.72,0.417,0.495,40.075,-3.485
RQ8UCGAG//74-33-4,0.719,0.737,1.0,0.819,40.043,-3.484
RQ9PISCN//89,0.287,0.694,0.0,0.327,40.075,-3.484
RQ9W9OJR//74-32,0.804,0.897,0.75,0.817,40.041,-3.484
RQA9HCG7//74-33-3,0.719,0.737,0.625,0.694,40.042,-3.483
RQAA8TM4//71,0.289,0.697,0.0,0.329,40.064,-3.484
RQAKP3CS//90,0.287,0.668,0.0,0.318,40.075,-3.484
RQAUFPTH//74-33-2,0.719,0.737,0.875,0.777,40.042,-3.483
RQB7NGUI//91,0.287,0.668,0.0,0.318,40.075,-3.483
RQBDN1ED//92-CT,0.203,0.509,0.0,0.237,40.076,-3.483
RQBMM8KX//74-33-1,0.479,0.402,0.583,0.488,40.041,-3.483
RQBQDFTA//74-33,0.684,0.768,0.75,0.734,40.041,-3.483
RQCQ2FER//70,0.319,0.723,0.292,0.445,40.064,-3.482
RQE5WOGE//74-34,0.534,0.665,0.625,0.608,40.04,-3.481
RQFGTBSJ//69,0.289,0.697,0.0,0.329,40.064,-3.481
RQFQK18D//74-35,0.534,0.665,0.625,0.608,40.04,-3.48
RQHIFFCM//74-36,0.564,0.665,0.583,0.604,40.04,-3.48
RQHUEI6N//74-37-CT,0.419,0.454,0.0,0.291,40.04,-3.479
RQI6UR6H//68,0.289,0.671,0.0,0.32,40.063,-3.479
RQJ7B5LL//68-1,0.204,0.537,0.0,0.247,40.064,-3.479
RQK7030R//68-2,0.204,0.537,0.0,0.247,40.065,-3.478
RQKTFCF1//67,0.289,0.697,0.0,0.329,40.063,-3.478
RQL85UHJ//68-3,0.204,0.537,0.0,0.247,40.065,-3.478
RQMA3527//68-4,0.204,0.537,0.0,0.247,40.066,-3.477
RQMVQX85//66-1-CT,0.119,0.249,0.0,0.123,40.062,-3.477
RQN6Q9V3//66,0.319,0.697,0.292,0.436,40.063,-3.477
RQN6QA89//68-5,0.204,0.511,0.0,0.239,40.066,-3.477
RQQ6IGW0//65,0.319,0.723,0.292,0.445,40.062,-3.475
RQSVBDBP//64,0.319,0.724,0.292,0.445,40.062,-3.474
RQVKLDLX//63,0.289,0.698,0.0,0.329,40.062,-3.472
RQX20JL3//59-19-CT,0.12,0.352,0.0,0.157,40.047,-3.471
RQXM7I3A//59-18,0.204,0.538,0.0,0.247,40.048,-3.471
RR09VDW6//62,0.29,0.698,0.0,0.329,40.062,-3.471
RR0BE8R1//59-17,0.504,0.796,0.75,0.683,40.048,-3.471
RR0XTIF1//59-16,0.234,0.564,0.292,0.363,40.049,-3.47
RR1K2GVE//59-15,0.234,0.564,0.292,0.363,40.05,-3.47
RR24QJAE//59-14,0.504,0.796,0.458,0.586,40.051,-3.47
RR2KGTFU//59-13,0.234,0.564,0.292,0.363,40.052,-3.469
RR30OABW//61,0.29,0.698,0.0,0.329,40.061,-3.469
RR356VST//59-12,0.234,0.564,0.292,0.363,40.053,-3.469
RR3NV07V//59-11,0.234,0.564,0.292,0.363,40.054,-3.469
RR4ATDQC//59-10,0.204,0.513,0.0,0.239,40.055,-3.469
RR4MSGN9//59-9,0.204,0.513,0.0,0.239,40.055,-3.468
RR5H9AOR//59-8,0.204,0.538,0.0,0.247,40.056,-3.468
RR5OPPNV//60,0.29,0.673,0.0,0.321,40.061,-3.468
RR6FFC1D//59-7,0.204,0.513,0.0,0.239,40.057,-3.467
RR6GW843//59-7-1-CT,0.034,0.192,0.0,0.076,40.057,-3.467
RR7L3RTG//59-6,0.204,0.538,0.0,0.247,40.058,-3.467
RR8NQHGC//59-5,0.204,0.513,0.0,0.239,40.058,-3.466
RR9JO7KN//59-4,0.204,0.513,0.0,0.239,40.059,-3.466
RR9L73WC//59,0.29,0.698,0.0,0.329,40.061,-3.466
RR9U6EJ3//59-1,0.204,0.513,0.0,0.239,40.061,-3.466
RRAB59FH//59-3-A1,0.12,0.352,0.0,0.157,40.06,-3.465
RRAPCNEN//59-3,0.234,0.538,0.292,0.355,40.06,-3.465
RRAVC7SP//59-3-B1,0.12,0.224,0.292,0.212,40.06,-3.465
RRBTI956//59-2,0.234,0.538,0.0,0.257,40.061,-3.465
RRDA61MW//58,0.29,0.698,0.0,0.329,40.062,-3.464
RRH7CSX5//57,0.29,0.673,0.0,0.321,40.063,-3.462
RRKD4KI7//56,0.29,0.699,0.0,0.33,40.064,-3.46
RRNHDFXP//55,0.29,0.699,0.0,0.33,40.065,-3.458
RRQJE09U//54,0.29,0.673,0.0,0.321,40.065,-3.457
RRRUAJIN//53,0.29,0.699,0.0,0.33,40.067,-3.456
RRTA6V0M//52,0.321,0.725,0.292,0.446,40.068,-3.455
RRULSVBA//51,0.291,0.7,0.0,0.33,40.07,-3.455
RRVUH5EV//50,0.441,0.803,0.458,0.567,40.072,-3.454
RRXRKN1Q//49,0.291,0.7,0.0,0.33,40.073,-3.453
RS1HX76K//48,0.291,0.674,0.0,0.322,40.074,-3.452
RS29E92M//47,0.291,0.7,0.0,0.33,40.075,-3.452
RS30TAWM//46,0.291,0.674,0.0,0.322,40.076,-3.451
RS40I8FR//45,0.291,0.674,0.0,0.322,40.078,-3.451
RS53WD64//44,0.291,0.675,0.0,0.322,40.079,-3.45
RT82CO7C//D34-3,0.206,0.515,0.0,0.24,40.088,-3.431
RT8L2QFF//D34-2,0.206,0.515,0.0,0.24,40.088,-3.43
RT9A9GXW//D34-1,0.206,0.515,0.0,0.24,40.087,-3.43
RTIES7OX//D31-1-CT,0.121,0.356,0.0,0.159,40.089,-3.425
RVWXPSPU//D6-1-CT,0.122,0.358,0.0,0.16,40.103,-3.381
SR2JKGWT/80,0.295,0.656,0.0,0.317,40.07,-3.488
SR31ARAI//74-5,0.204,0.537,0.0,0.247,40.062,-3.487
S5OHC14B//D8,0.263,0.494,0.0,0.252,40.353,-3.242
S5OKBRG7//D7,0.269,0.607,0.0,0.292,40.354,-3.241
S5ONBJQT//D6,0.274,0.617,0.0,0.297,40.355,-3.241
S5OQBC3W//D5,0.279,0.627,0.0,0.302,40.357,-3.241
S5OSJNC8//D4,0.284,0.637,0.0,0.307,40.358,-3.241
S5OVJFN8//D3,0.289,0.645,0.0,0.311,40.359,-3.241
S5OWAURA//D2X2,0.152,0.31,0.0,0.154,40.359,-3.241
S5P2246G//D1,0.3,0.666,0.0,0.322,40.361,-3.241
S5PE16WJ//D2,0.295,0.579,0.0,0.291,40.36,-3.241
S5PFI312//D2X1,0.152,0.31,0.0,0.154,40.36,-3.241
S5QI6POO//D9,0.258,0.485,0.0,0.248,40.351,-3.24
S5S3B69E//D10,0.253,0.475,0.0,0.243,40.35,-3.24
S5TGG2EI//D11,0.248,0.465,0.0,0.237,40.348,-3.239
S5VC2NN1//D12,0.243,0.558,0.0,0.267,40.347,-3.238
S5WXFFCR//D13,0.237,0.446,0.0,0.228,40.345,-3.237
S61G0G0W//D14,0.233,0.436,0.0,0.223,40.343,-3.236
S62DF24C//D15,0.227,0.452,0.0,0.226,40.342,-3.235
S62H68M6//D18-5CT,0.236,0.571,0.0,0.269,40.335,-3.235
S63NK5H8//D18-4,0.236,0.571,0.0,0.269,40.335,-3.234
S644J141//D16,0.222,0.442,0.0,0.221,40.341,-3.234
S651XKPV//D18-3,0.266,0.597,0.458,0.44,40.335,-3.234
S66F4H2C//D18-2,0.236,0.571,0.0,0.269,40.336,-3.233
S68C80M4//D18-1,0.236,0.571,0.0,0.269,40.337,-3.232
S68L7B9D//D18,0.211,0.5,0.0,0.237,40.337,-3.232
S68WEX0Q//D18-1-1CT,0.168,0.341,0.0,0.17,40.336,-3.232
S69FM59I//D17,0.217,0.406,0.0,0.208,40.337,-3.231
S6B014RF//D19,0.207,0.388,0.0,0.198,40.336,-3.231
S6DKBCST//D20,0.201,0.378,0.0,0.193,40.335,-3.229
S6GW2MLG//D21,0.196,0.367,0.0,0.188,40.334,-3.227
S6JOCF2T//D22,0.191,0.358,0.0,0.183,40.333,-3.226
S6MND6XT//D23,0.186,0.348,0.0,0.178,40.332,-3.224
S6POMA23//D24,0.181,0.339,0.0,0.173,40.331,-3.223
S6TMKI7P//D25,0.175,0.432,0.0,0.202,40.33,-3.22
S6WGD6QK//D26,0.17,0.319,0.0,0.163,40.329,-3.219
S6X7S4UK//189-15-CT,0.157,0.424,0.0,0.194,40.291,-3.218
S6XPQQ6E//189-14,0.224,0.549,0.0,0.258,40.291,-3.218
S7058P58//189-13,0.224,0.549,0.0,0.258,40.291,-3.218
S70SFJ8S//D27,0.165,0.413,0.0,0.193,40.328,-3.218
S71467HF//189-12,0.374,0.678,0.458,0.503,40.292,-3.217
S71G5AC8//189-11,0.224,0.549,0.0,0.258,40.292,-3.217
S73NP0J2//189-10,0.224,0.549,0.0,0.258,40.292,-3.216
S74SM4JO//D28,0.16,0.299,0.0,0.153,40.327,-3.216
S75OJP8F//189-9,0.224,0.549,0.0,0.258,40.291,-3.215
S77KVV12//D29,0.155,0.29,0.0,0.148,40.326,-3.214
S78157MX//189-8,0.224,0.549,0.0,0.258,40.291,-3.214
S783DILX//189-6-1-CT,0.092,0.3,0.0,0.131,40.289,-3.214
S7AAX8X3//189-7,0.224,0.549,0.0,0.258,40.29,-3.213
S7AKO0K3//189-6,0.224,0.549,0.0,0.258,40.289,-3.212
S7ALFFNX//189-7-1,0.157,0.424,0.0,0.194,40.29,-3.212
S7ATNEM5//D30,0.15,0.28,0.0,0.143,40.325,-3.212
S7BSKRFB//189-5,0.224,0.575,0.0,0.266,40.289,-3.212
S7CKR95N//D59-3-11,0.165,0.439,0.0,0.201,40.277,-3.211
S7CN1LDA//189-4,0.224,0.575,0.0,0.266,40.288,-3.211
S7CT14OH//D59-3-10-1-CT,0.031,0.186,0.0,0.073,40.277,-3.211
S7CWQBXF//D59-3-10,0.165,0.439,0.0,0.201,40.277,-3.211
S7DAPFTG//189-3,0.224,0.446,0.0,0.223,40.288,-3.211
S7DXW5GE//D59-3-9,0.165,0.439,0.0,0.201,40.278,-3.211
S7EULF2I//D31,0.144,0.27,0.0,0.138,40.324,-3.21
S7FUA7XL//D59-3-8,0.165,0.439,0.0,0.201,40.278,-3.21
S7I8CKKC//D59-3-7,0.165,0.464,0.0,0.21,40.279,-3.208
S7K3X81U//D59-3-6,0.165,0.439,0.0,0.201,40.279,-3.207
S7K8FV77//D59,0.0,0.101,0.458,0.187,40.288,-3.207
S7KO6AMP//D32,0.139,0.261,0.0,0.133,40.323,-3.207
S7LWSE9U//D59-3-5-2-CT,0.031,0.186,0.0,0.073,40.278,-3.206
S7M72A6O//D59-3-3,0.165,0.439,0.0,0.201,40.281,-3.206
S7MARHA0//D59-3-5,0.165,0.439,0.0,0.201,40.28,-3.206
S7MBIWHE//D59-3-3-1-CT,0.031,0.186,0.0,0.073,40.282,-3.206
S7ML9NUP//D59-3-5-1,0.099,0.312,0.0,0.137,40.279,-3.206
S7N5XQHB//D59-3-2,0.165,0.439,0.0,0.201,40.282,-3.206
S7NGG35B//D33,0.134,0.251,0.0,0.128,40.323,-3.206
S7NHWU4V//D58,0.005,0.008,0.0,0.004,40.29,-3.205
S7NTVW28//D59-3-4,0.165,0.439,0.0,0.201,40.281,-3.205
S7OJ4NLW//D57,0.01,0.121,0.0,0.044,40.291,-3.205
S7OPTMG9//D59-1,0.233,0.437,0.0,0.223,40.284,-3.205
S7PI254F//D59-3-1,0.165,0.439,0.0,0.201,40.282,-3.204
S7Q6HER3//D59-2,0.233,0.566,0.0,0.266,40.284,-3.204
S7R0WCF7//D34,0.129,0.242,0.0,0.124,40.322,-3.204
S7R36JTR//D59-3,0.233,0.566,0.0,0.266,40.283,-3.204
S7RO508P//D56,0.015,0.026,0.0,0.014,40.293,-3.203
S7S2TH5D//D59-4,0.233,0.566,0.0,0.266,40.283,-3.203
S7T5I6LW//D59-5,0.233,0.566,0.0,0.266,40.282,-3.202
S7TF8XFQ//D55,0.05,0.063,0.75,0.288,40.294,-3.202
S7UGEPQA//D59-5-1,0.165,0.439,0.0,0.201,40.282,-3.202
S7UK5WW1//D59-6,0.233,0.591,0.0,0.275,40.281,-3.202
S7URMHAB//D35,0.124,0.334,0.0,0.153,40.321,-3.202
S7VJ3F5T//D59-7,0.233,0.591,0.0,0.275,40.281,-3.201
S7VJ3FC1//D59-5-2,0.165,0.439,0.0,0.201,40.283,-3.201
S7WF15FQ//D59-5-3,0.165,0.439,0.0,0.201,40.283,-3.201
S7WIQCFE//D59-8,0.233,0.566,0.0,0.266,40.28,-3.201
S7XG6WWF//D59-5-4-CT,0.099,0.312,0.0,0.137,40.283,-3.2
S7XMVW0M//D59-9,0.233,0.591,0.0,0.275,40.279,-3.2
S8005LC0//D54,0.026,0.15,0.0,0.059,40.295,-3.2
S806545G//D59-10,0.233,0.591,0.0,0.275,40.279,-3.2
S8065866//D36,0.118,0.221,0.0,0.113,40.321,-3.2
S814B5B6//D59-11,0.233,0.591,0.0,0.275,40.278,-3.199
S81H1N5Q//D59-12-1-CT,0.099,0.312,0.0,0.137,40.278,-3.199
S81W0I6H//D59-12,0.233,0.463,0.0,0.232,40.277,-3.199
S82CXD65//D59-13,0.233,0.566,0.0,0.266,40.277,-3.199
S83RL7FF//D53,0.031,0.159,0.0,0.063,40.297,-3.198
S841T57R//D37,0.114,0.315,0.0,0.143,40.32,-3.198
S84734ES//D59-14,0.233,0.591,0.0,0.275,40.276,-3.198
S84736GE//D52,0.036,0.067,0.0,0.034,40.298,-3.198
S84J2977//D53-1,0.233,0.463,0.0,0.232,40.297,-3.197
S84NIXJ3//D38,0.108,0.203,0.0,0.104,40.318,-3.197
S84NIXPC//D37-1,0.234,0.465,0.0,0.233,40.32,-3.197
S84S1M0G//D37-1-1,0.167,0.467,0.0,0.211,40.319,-3.197
S84WIA2F//D39,0.103,0.193,0.0,0.099,40.317,-3.197
S8530W8B//D40,0.098,0.286,0.0,0.128,40.315,-3.197
S853QBGQ//D53-2,0.233,0.566,0.0,0.267,40.296,-3.197
S856Q41I//D51,0.041,0.075,0.0,0.039,40.3,-3.197
S859PVF1//D42-2-CT,0.167,0.441,0.0,0.203,40.312,-3.197
S85AHD29//D37-1-3CT,0.167,0.441,0.0,0.203,40.318,-3.197
S85GGRDN//D59-15,0.233,0.566,0.0,0.266,40.276,-3.197
S85IP4H6//D59-16-1CT,0.165,0.336,0.0,0.167,40.275,-3.197
S85JGM0G//D50,0.046,0.085,0.0,0.044,40.301,-3.197
S85UOAUI//D42-1,0.234,0.568,0.0,0.267,40.312,-3.197
S860FGKE//D53-3,0.233,0.566,0.0,0.267,40.296,-3.197
S8646LTF//D59-16,0.233,0.591,0.0,0.275,40.275,-3.197
S865NLKC//D41,0.092,0.173,0.0,0.089,40.313,-3.197
S86A6896//D53-4,0.233,0.566,0.0,0.267,40.296,-3.197
S86FECA3//D49,0.052,0.095,0.0,0.049,40.303,-3.196
S86G5S8R//D42,0.088,0.266,0.0,0.118,40.313,-3.196
S86JV1D6//D43,0.082,0.257,0.0,0.113,40.311,-3.196
S86ODNJ7//D44,0.078,0.144,0.0,0.074,40.31,-3.196
S86S4VRT//D37-1-X-1,0.099,0.34,0.0,0.147,40.32,-3.196
S86UD7R5//D45,0.072,0.134,0.0,0.069,40.308,-3.196
S86WLITM//D46,0.067,0.124,0.0,0.064,40.307,-3.196
S872CQ0G//D47,0.062,0.115,0.0,0.059,40.306,-3.196
S873TJ4G//D59-17,0.233,0.591,0.0,0.275,40.275,-3.196
S8763X5V//D48,0.056,0.105,0.0,0.054,40.305,-3.196
S87L2SME//D44-1,0.234,0.439,0.0,0.224,40.309,-3.196
S885QRIM//D59-18,0.233,0.591,0.0,0.275,40.274,-3.195
S88D9C3N//D40-1,0.234,0.465,0.0,0.233,40.316,-3.195
S88WOSRW//D44-2-CT,0.167,0.441,0.0,0.203,40.309,-3.195
S89ANS5P//D59-19,0.233,0.591,0.0,0.275,40.273,-3.195
S89RV4VL//D37-2,0.234,0.594,0.0,0.276,40.321,-3.195
S8B6AK5T//D37-3,0.234,0.594,0.0,0.276,40.321,-3.194
S8B71UGX//D59-20,0.533,0.694,0.0,0.409,40.272,-3.194
S8BMQAWE//D40-2,0.234,0.439,0.0,0.224,40.317,-3.194
S8C3P1J7//D59-21,0.533,0.694,0.0,0.409,40.271,-3.193
S8D5METU//D37-4,0.234,0.594,0.0,0.276,40.321,-3.193
S8DICRSO//D59-22,0.533,0.565,0.0,0.366,40.27,-3.193
S8E32U09//D59-26-1-CT,0.399,0.415,0.0,0.271,40.269,-3.192
S8EPIACX//D40-3,0.234,0.465,0.0,0.233,40.319,-3.192
S8EUQ8WK//D59-26,0.533,0.668,0.0,0.4,40.269,-3.192
S8FV6L93//D59-27,0.533,0.694,0.0,0.409,40.268,-3.191
S8GBE6DU//D37-5,0.234,0.594,0.0,0.276,40.322,-3.191
S8GX3TNL//D59-28,0.533,0.694,0.0,0.409,40.268,-3.191
S8HV9UT5//D59-29,0.533,0.694,0.0,0.409,40.267,-3.19
S8I411LT//D37-6,0.234,0.568,0.0,0.267,40.322,-3.19
S8IUWS47//D59-30,0.533,0.694,0.0,0.409,40.266,-3.19
S8IVOEH2//D37-6-1,0.167,0.441,0.0,0.203,40.322,-3.19
S8J1FLEQ//D40-4,0.234,0.439,0.0,0.224,40.318,-3.19
S8JGEGPR//D37-6-2,0.167,0.441,0.0,0.203,40.321,-3.19
S8JQ58J9//D37-7,0.234,0.594,0.0,0.276,40.323,-3.189
S8JQUI4S//D59-31,0.533,0.668,0.0,0.4,40.266,-3.189
S8K73W3V//D59-31-1-CT,0.399,0.415,0.0,0.271,40.265,-3.189
S8KEKHV7//D37-6-3,0.167,0.441,0.0,0.203,40.32,-3.189
S8KLBHKI//D37-8,0.234,0.568,0.0,0.267,40.323,-3.189
S8L1IVBG//D37-6-4-CT,0.099,0.315,0.0,0.138,40.32,-3.189
S8LO01LP//D59-32,0.533,0.694,0.0,0.409,40.265,-3.188
S8LPH3OJ//D37-14,0.234,0.568,0.0,0.267,40.328,-3.188
S8LW82QD//D37-9,0.534,0.696,0.0,0.41,40.323,-3.188
S8MGW5D3//D37-13,0.234,0.594,0.0,0.276,40.327,-3.188
S8N1M6RQ//D40-5,0.534,0.568,0.0,0.367,40.318,-3.188
S8N5DET0//D37-12,0.534,0.671,0.0,0.402,40.326,-3.188
S8N64U42//D37-14-1CT,0.167,0.441,0.0,0.203,40.328,-3.188
S8N8D6UE//D37-10,0.534,0.696,0.0,0.41,40.324,-3.188
S8NECJMT//D59-33,0.533,0.565,0.0,0.366,40.265,-3.187
S8NFTLTD//D37-15,0.234,0.568,0.0,0.267,40.329,-3.187
S8OJ9Q29//D37-11,0.534,0.671,0.0,0.402,40.324,-3.187
S8PCWX9A//D59-34,0.533,0.694,0.0,0.409,40.265,-3.186
S8Q7DWB0//D40-6,0.534,0.568,0.0,0.367,40.318,-3.186
S8QN49G7//D37-16,0.234,0.594,0.0,0.276,40.329,-3.186
S8RSQJ24//D59-35,0.533,0.565,0.0,0.366,40.265,-3.185
S8SNWS2N//D59-36,0.533,0.694,0.0,0.409,40.265,-3.184
S8TKM4BV//D40-7,0.534,0.542,0.0,0.359,40.318,-3.184
S8TWL889//D37-17,0.234,0.568,0.0,0.267,40.329,-3.184
S8UU1M6K//D59-37,0.533,0.694,0.0,0.409,40.264,-3.183
S8W1O3VO//D59-38,0.533,0.694,0.0,0.409,40.264,-3.183
S8XKSIKL//D59-39,0.533,0.668,0.0,0.4,40.264,-3.182
S91H6L3M//D59-40,0.533,0.565,0.0,0.366,40.265,-3.181
S935AS15//D59-41,0.533,0.694,0.0,0.409,40.265,-3.18
S9362F3T//D37-18CT,0.234,0.568,0.0,0.267,40.328,-3.18
S943H17G//D37-19,0.234,0.439,0.0,0.224,40.327,-3.18
S94UER5Q//D59-42,0.533,0.694,0.0,0.409,40.265,-3.179
S95TCFBF//D37-20,0.234,0.439,0.0,0.224,40.327,-3.179
S96NR3FP//D59-43,0.533,0.694,0.0,0.409,40.266,-3.178
S98JDOV2//D59-44,0.533,0.694,0.0,0.409,40.266,-3.177
S9B6FE4T//D59-45,0.533,0.565,0.0,0.366,40.267,-3.176
S9C9TIPU//D59-46,0.533,0.694,0.0,0.409,40.267,-3.175
S9EKF18O//D59-47,0.533,0.668,0.0,0.4,40.267,-3.174
S9G9AN83//D59-48,0.533,0.668,0.0,0.4,40.268,-3.173
S9GNI37M//D59-49,0.533,0.668,0.0,0.4,40.268,-3.173
S9H009WP//D59-48-1,0.465,0.542,0.0,0.336,40.268,-3.173
S9HK78CL//D59-48-2,0.465,0.567,0.0,0.344,40.268,-3.172
S9IG4WEF//D59-50,0.533,0.694,0.0,0.409,40.268,-3.172
S9JAJQF3//D59-48-3,0.465,0.567,0.0,0.344,40.268,-3.171
S9K78VHR//D59-51,0.533,0.694,0.0,0.409,40.268,-3.171
S9L5EWSE//D59-48-4,0.465,0.567,0.0,0.344,40.269,-3.17
S9M5TB4P//D59-52,0.533,0.668,0.0,0.4,40.268,-3.17
S9MNRWGQ//D59-48-5,0.465,0.567,0.0,0.344,40.269,-3.17
S9ODF1BO//D59-53,0.533,0.694,0.0,0.409,40.267,-3.169
S9OEVVL6//D59-48-6,0.465,0.567,0.0,0.344,40.269,-3.169
S9PP31O3//D59-48-7,0.465,0.567,0.0,0.344,40.269,-3.168
S9QN92WJ//D59-48-8,0.465,0.412,0.0,0.293,40.269,-3.167
S9R185I1//D59-54,0.533,0.668,0.0,0.4,40.267,-3.167
S9R5OS3P//D59-48-9,0.465,0.567,0.0,0.344,40.27,-3.167
S9SL4188//D59-55,0.533,0.668,0.0,0.4,40.267,-3.166
S9SVK89X//D59-48-10,0.465,0.567,0.0,0.344,40.27,-3.166
S9UVNI1O//D59-48-11,0.465,0.567,0.0,0.344,40.27,-3.165
S9VK4R87//D59-56,0.533,0.694,0.0,0.409,40.266,-3.165
S9WS1K4W//D59-57,0.533,0.668,0.0,0.4,40.266,-3.164
S9WVQRRJ//D59-48-12,0.465,0.567,0.0,0.344,40.271,-3.164
SA046O6W//D59-58,0.533,0.668,0.0,0.4,40.266,-3.163
SA0WLIL2//D59-48-13,0.465,0.567,0.0,0.344,40.271,-3.163
SA20IQMI//D59-59,0.533,0.694,0.0,0.409,40.266,-3.162
SA2M8LLM//D59-48-14,0.465,0.542,0.0,0.336,40.271,-3.162
SA3FW02P//D59-60,0.533,0.565,0.0,0.366,40.266,-3.162
SA4W2N0P//D59-48-15,0.165,0.336,0.0,0.167,40.271,-3.161
SA5L9D5K//D59-61,0.533,0.694,0.0,0.409,40.266,-3.16
SA715OGG//D59-62,0.533,0.668,0.0,0.4,40.266,-3.16
SA8L1K81//D59-63,0.533,0.668,0.0,0.4,40.266,-3.159
SA9A8AUC//D59-64,0.533,0.668,0.0,0.4,40.267,-3.159
SAA3VNQU//D59-63-1-CT,0.399,0.415,0.0,0.271,40.267,-3.158
SAA3VNV0//D59-65,0.533,0.668,0.0,0.4,40.268,-3.158
SAAR4EJ8//D59-66,0.533,0.668,0.0,0.4,40.268,-3.158
SAF2AALR//D59-67,0.533,0.668,0.0,0.4,40.268,-3.155
SAHBCV02//D59-68,0.533,0.668,0.0,0.4,40.269,-3.154
SAHF4495//D59-68-1-CT,0.399,0.415,0.0,0.271,40.269,-3.154
SAJTES0E//D59-69,0.533,0.668,0.0,0.4,40.269,-3.153
SAM60AF0//D59-70,0.833,0.926,0.458,0.739,40.269,-3.152
SAOEBFMR//D59-71,0.533,0.668,0.0,0.4,40.268,-3.15
SAQ6WASR//D59-72,0.533,0.694,0.0,0.409,40.268,-3.149
SAS99VNN//D59-73,0.533,0.694,0.0,0.409,40.268,-3.148
SATW5JKO//D59-74,0.533,0.668,0.0,0.4,40.267,-3.147
SAX2EF03//D59-76-1 CT,0.465,0.542,0.0,0.336,40.267,-3.146
SAXCULNU//D59-76,0.533,0.642,0.0,0.392,40.267,-3.146
SB15HGUF//D59-77,0.533,0.694,0.0,0.409,40.267,-3.145
SB32L0DN//D59-78,0.533,0.694,0.0,0.409,40.267,-3.144
SB4W7LQT//D59-79-1 CT,0.465,0.439,0.0,0.301,40.267,-3.143
SB51WT27//D59-79,0.533,0.668,0.0,0.4,40.267,-3.143
SB65CXNO//D59-80 CT,0.533,0.668,0.0,0.4,40.267,-3.142
TAWHA09W//D59-75,0.533,0.642,0.0,0.392,40.267,-3.147
