,bus
L0,1
L1,2
L2,3
L3,4
L4,6
L5,7
L6,8
L7,11
L8,12
L9,13
L10,14
L11,15
L12,16
L13,17
L14,18
L15,19
L16,20
L17,21
L18,22
L19,23
L20,24
L21,27
L22,28
L23,29
L24,31
L25,32
L26,33
L27,34
L28,35
L29,36
L30,39
L31,40
L32,41
L33,42
L34,43
L35,44
L36,45
L37,46
L38,47
L39,48
L40,49
L41,50
L42,51
L43,52
L44,53
L45,54
L46,55
L47,56
L48,57
L49,58
L50,59
L51,60
L52,62
L53,66
L54,67
L55,70
L56,72
L57,73
L58,74
L59,75
L60,76
L61,77
L62,78
L63,79
L64,80
L65,82
L66,83
L67,84
L68,85
L69,86
L70,88
L71,90
L72,91
L73,92
L74,93
L75,94
L76,95
L77,96
L78,97
L79,98
L80,99
L81,100
L82,101
L83,102
L84,103
L85,104
L86,105
L87,106
L88,107
L89,108
L90,109
L91,110
L92,112
L93,113
L94,114
L95,115
L96,116
L97,117
L98,118
